SYS,SYS,SYS,SYS,SYS,USERDEF,USERDEF,USERDEF,USERDEF,PORO,PORO,PORO,PORO,PORO,PORO,PORO,PORO,PORO,PORO,PORO,PORO,FLUORO,FLUORO,FLUORO,FLUORO,FLUORO,FLUORO,FLUORO,FLUORO,FLUORO,FLUORO,SENSOR,SENSOR,SENSOR,SENSOR,SENSOR,SENSOR,SENSOR,SENSOR,SENSOR,SENSOR,MATCH,MATCH,MATCH,STABILITY,STABILITY,STABILITY,STABILITY,STABILITY,STABILITY,P_CONFIG,P_CONFIG,P_CONFIG,P_CONFIG,FL_CONFIG,FL_CONFIG,FL_CONFIG,FL_CONFIG,FL_CONFIG,FL_CONFIG,FL_CONFIG,FL_CONFIG,FL_CONFIG,FL_CONFIG,FL_CONFIG,FL_CONFIG,FL_CONFIG,FL_CONFIG,FL_CONFIG,SENSOR_V,SENSOR_V,SENSOR_V,SENSOR_V,SENSOR_V,SENSOR_V,SENSOR_V,SENSOR_V,SENSOR_V,SENSOR_V,USERCAL,USERCAL,USERCAL,USERCAL,USERCAL,USERCAL,USERCAL,USERCAL,USERCAL,USERCAL,META,META,META,META,META,META,META
Obs#,Time,Date,configName,configAuthor,remark,species,id,Leaf #,gsw,gbw,gtw,E_apparent,VPcham,VPref,VPleaf,VPDleaf,H2O_r,H2O_s,H2O_leaf,leaf_area,flashID,Fo,Fm,Fv/Fm,Fs,Fm',PhiPS2,PS2/1,abs,ETR,rh_s,rh_r,Tref,Tleaf,P_atm,flow,flow_s,leak_pct,Qamb,batt,match_time,match_date,rh_adj,gsw1sec,gsw2sec,gsw4sec,flr1sec,flr2sec,flr4sec,auto,flow_set,gsw_limit,gsw_period,dark,flash_type,flash_intensity,modrate,flr_limit,flr_period,P1_dur,P2_dur,P3_dur,P1_Fmax,P2_ramp,P2_slp,P3_Fmax,P3_Pred,P3_DeltaF,v_humA,v_humB,v_flowIn,v_flowOut,v_temp,v_irt,v_pres,v_par,v_F,i_LED,b_rhr,m_rhr,span_rhr,b_rhs,m_rhs,span_rhs,z_flowIn,z_flowOut,z_quantum,z_flr,flashId,lciSerNum,lcpSerNum,lcfSerNum,lcrhSerNum,version,configUpdatedAt
,HHMMSS,YYYYMMDD,,,,,,,mol+1m-2s-1,mol+1m-2s-1,mol+1m-2s-1,mmol+1m-2s-1,kPa,kPa,kPa,kPa,mmol+1mol-1,mmol+1mol-1,mmol+1mol-1,cm+2,,,,,,,,,,umol+1m-2s-1,%,%,C,C,kPa,umol+1sec-1,umol+1sec-1,%,umol+1m-2s-1,V,HHMMSS,YYYYMMDD,%,,,,,,,,umol+1sec-1,(umol+1m-2s-1)s-1,s,,,umol+1m-2s-1,Hz,s-1,s,ms,ms,ms,,%,,,,,V,V,V,V,V,V,V,V,V,A,,,,,,,,,,,,,,,,,
1,12:10:50,2022-08-15,gsw light adap,Shane,,rhov,001,001,0.071911,2.914780,0.070179,1.670512,1.299816,1.252591,3.645796,2.345979,12.398357,12.865807,36.086716,0.441786,PSF-00338_20220815121050,0.000000,0.000000,0.000000,74.492096,92.044342,0.190693,0.5,0.80,144.878326,52.18,50.28,20.97,27.31,101.03,155.8,153.5,1.5,1899,4.034,12:10:34,2022-08-15,6.88,0.000,0.000,-9999.000,-0.200,-0.106,-9999.000,1,150,0.005,2.000000,0,mpf,10000,500,5.000000,2.000000,300,300,300,91.264130,25,-0.697449,91.207977,91.345993,-0.138016,2.498789,2.496918,1.648743,0.827165,0.320484,0.073375,0.053944,1.822890,74.492096,0.000360,2.416988,-0.000071,1.000000,2.422773,-0.000075,1.000000,0.602665,0.600994,0.107103,0.000000,PSF-00338_20220815121050,PFA-00366,PSA-00383,PSF-00338,RHS-00157,2.0.0,2022-03-31T18:26:44.181Z
2,12:11:03,2022-08-15,gsw light adap,Shane,,rhov,001,002,0.085854,2.912824,0.083396,1.771495,1.292915,1.242754,3.389269,2.096354,12.300838,12.797339,33.547157,0.441786,PSF-00338_20220815121103,0.000000,0.000000,0.000000,130.090714,189.558167,0.313716,0.5,0.80,205.401764,51.44,49.44,21.11,26.08,101.03,155.6,144.7,7.0,1637,4.007,12:10:34,2022-08-15,6.88,-0.000,-0.000,-9999.000,-1.321,-2.590,-9999.000,1,150,0.005,2.000000,0,mpf,10000,500,5.000000,2.000000,300,300,300,186.445358,25,-3.373016,185.670731,186.180786,-0.510056,2.497571,2.495828,1.646710,0.811493,0.318606,0.057279,0.055696,1.585745,130.090714,0.000368,2.416988,-0.000071,1.000000,2.422773,-0.000075,1.000000,0.602665,0.600994,0.107103,0.000000,PSF-00338_20220815121103,PFA-00366,PSA-00383,PSF-00338,RHS-00157,2.0.0,2022-03-31T18:26:44.181Z
3,12:11:21,2022-08-15,gsw light adap,Shane,,rhov,002,001,0.045963,2.914954,0.045249,1.124238,1.289477,1.257698,3.736984,2.447507,12.449713,12.764291,36.991692,0.441786,PSF-00338_20220815121121,0.000000,0.000000,0.000000,84.069374,103.936714,0.191148,0.5,0.80,133.425980,50.71,49.46,21.30,27.74,101.02,155.9,155.3,0.4,1745,4.031,12:10:34,2022-08-15,6.88,-0.000,-0.001,-9999.000,-0.524,-0.794,-9999.000,1,150,0.005,2.000000,0,mpf,10000,500,5.000000,2.000000,300,300,300,101.949692,25,-2.048698,101.290581,101.885361,-0.594780,2.497544,2.494747,1.648924,0.830259,0.316208,0.074598,0.058095,1.683499,84.069374,0.000363,2.416988,-0.000071,1.000000,2.422773,-0.000075,1.000000,0.602665,0.600994,0.107103,0.000000,PSF-00338_20220815121121,PFA-00366,PSA-00383,PSF-00338,RHS-00157,2.0.0,2022-03-31T18:26:44.181Z
4,12:11:35,2022-08-15,gsw light adap,Shane,,rhov,002,002,0.055585,2.914399,0.054545,1.155323,1.297507,1.264835,3.387831,2.090324,12.519396,12.842788,33.532917,0.441786,PSF-00338_20220815121135,0.000000,0.000000,0.000000,113.528969,160.616806,0.293169,0.5,0.80,172.259521,50.57,49.30,21.45,26.07,101.03,155.8,155.2,0.4,1469,4.030,12:10:34,2022-08-15,6.88,0.001,0.001,-9999.000,-1.649,-1.230,-9999.000,1,150,0.005,2.000000,0,mpf,10000,500,5.000000,2.000000,300,300,300,155.957214,25,-5.228546,153.946274,155.381485,-1.435211,2.497277,2.494513,1.648346,0.830127,0.314369,0.053478,0.059925,1.434073,113.528969,0.000362,2.416988,-0.000071,1.000000,2.422773,-0.000075,1.000000,0.602665,0.600994,0.107103,0.000000,PSF-00338_20220815121135,PFA-00366,PSA-00383,PSF-00338,RHS-00157,2.0.0,2022-03-31T18:26:44.181Z
5,12:11:53,2022-08-15,gsw light adap,Shane,,rhov,002,003,0.039058,2.914378,0.038541,0.918624,1.267996,1.242009,3.617827,2.349831,12.293283,12.550499,35.808903,0.441786,PSF-00338_20220815121153,0.000000,0.000000,0.000000,162.674545,187.777161,0.133683,0.5,0.80,98.082115,48.90,47.89,21.62,27.18,101.03,155.8,154.8,0.7,1834,3.986,12:10:34,2022-08-15,6.88,-0.001,-0.001,-0.000,-3.159,-3.858,-10.897,1,150,0.005,2.000000,0,mpf,10000,500,5.000000,2.000000,300,300,300,187.777161,25,0.206170,187.625534,187.983597,-0.358063,2.495256,2.492075,1.648324,0.829385,0.312164,0.064482,0.062377,1.764052,162.674545,0.000369,2.416988,-0.000071,1.000000,2.422773,-0.000075,1.000000,0.602665,0.600994,0.107103,0.000000,PSF-00338_20220815121153,PFA-00366,PSA-00383,PSF-00338,RHS-00157,2.0.0,2022-03-31T18:26:44.181Z
6,12:12:14,2022-08-15,gsw light adap,Shane,,rhov,003,001,0.189222,2.914316,0.177685,3.527388,1.356644,1.256942,3.315926,1.959282,12.441154,13.427999,32.820877,0.441786,PSF-00338_20220815121214,0.000000,0.000000,0.000000,82.266212,118.996681,0.308668,0.5,0.80,217.356293,51.72,47.92,21.81,25.71,101.03,155.8,140.3,9.9,1760,3.976,12:10:34,2022-08-15,6.88,-0.002,0.000,0.011,-1.647,-1.664,-4.080,1,150,0.005,2.000000,0,mpf,10000,500,5.000000,2.000000,300,300,300,112.098816,25,-8.013699,108.269333,110.972603,-2.703270,2.495236,2.496030,1.648260,0.803909,0.309828,0.045262,0.065102,1.697393,82.266212,0.000364,2.416988,-0.000071,1.000000,2.422773,-0.000075,1.000000,0.602665,0.600994,0.107103,0.000000,PSF-00338_20220815121214,PFA-00366,PSA-00383,PSF-00338,RHS-00157,2.0.0,2022-03-31T18:26:44.181Z
7,12:12:54,2022-08-15,gsw light adap,Shane,,rhov,004,001,0.229248,2.914539,0.212531,4.979190,1.465604,1.325049,3.771163,2.305560,13.115592,14.506837,37.327717,0.441786,PSF-00338_20220815121254,0.000000,0.000000,0.000000,77.997925,104.763382,0.255485,0.5,0.80,199.760223,54.64,49.40,22.18,27.89,101.03,155.8,150.6,3.3,1955,3.974,12:10:34,2022-08-15,6.88,-0.001,0.002,0.016,-0.138,0.456,2.837,1,150,0.005,2.000000,0,mpf,10000,500,5.000000,2.000000,300,300,300,101.473328,25,-3.396233,100.510239,101.362747,-0.852509,2.497206,2.500028,1.648492,0.822012,0.305332,0.066612,0.070516,1.872895,77.997925,0.000364,2.416988,-0.000071,1.000000,2.422773,-0.000075,1.000000,0.602665,0.600994,0.107103,0.000000,PSF-00338_20220815121254,PFA-00366,PSA-00383,PSF-00338,RHS-00157,2.0.0,2022-03-31T18:26:44.181Z
8,12:13:15,2022-08-15,gsw light adap,Shane,,rhov,004,002,0.236902,2.916209,0.219103,4.352530,1.430843,1.308119,3.389539,1.958696,12.950452,14.165426,33.556633,0.441786,PSF-00338_20220815121315,0.000000,0.000000,0.000000,143.775696,195.717575,0.265392,0.5,0.80,164.719818,52.72,48.20,22.37,26.08,101.01,156.0,153.2,1.8,1552,4.028,12:10:34,2022-08-15,6.88,0.004,0.003,0.008,-1.618,-4.210,-11.228,1,150,0.005,2.000000,0,mpf,10000,500,5.000000,2.000000,300,300,300,193.906906,25,-2.843660,191.982513,192.870224,-0.887711,2.495462,2.497275,1.650233,0.826550,0.302948,0.043264,0.073250,1.508798,143.775696,0.000367,2.416988,-0.000071,1.000000,2.422773,-0.000075,1.000000,0.602665,0.600994,0.107103,0.000000,PSF-00338_20220815121315,PFA-00366,PSA-00383,PSF-00338,RHS-00157,2.0.0,2022-03-31T18:26:44.181Z
9,12:13:29,2022-08-15,gsw light adap,Shane,,rhov,004,003,0.181844,2.916394,0.171171,3.860987,1.416187,1.307318,3.637659,2.221472,12.942113,14.019879,36.011875,0.441786,PSF-00338_20220815121329,0.000000,0.000000,0.000000,79.326157,97.269371,0.184469,0.5,0.80,142.918304,51.76,47.79,22.50,27.28,101.01,156.0,154.4,1.1,1937,4.027,12:10:34,2022-08-15,6.88,-0.001,0.002,0.014,-0.712,-1.379,-4.092,1,150,0.005,2.000000,0,mpf,10000,500,5.000000,2.000000,300,300,300,95.960495,25,-1.283455,95.578911,95.984253,-0.405342,2.494850,2.495900,1.650427,0.828725,0.301369,0.055706,0.075081,1.856786,79.326157,0.000363,2.416988,-0.000071,1.000000,2.422773,-0.000075,1.000000,0.602665,0.600994,0.107103,0.000000,PSF-00338_20220815121329,PFA-00366,PSA-00383,PSF-00338,RHS-00157,2.0.0,2022-03-31T18:26:44.181Z
10,12:13:47,2022-08-15,gsw light adap,Shane,,rhov,005,001,0.721859,2.917980,0.578699,8.255856,1.566690,1.334523,2.975477,1.408787,13.210382,15.508594,29.454113,0.441786,PSF-00338_20220815121347,0.000000,0.000000,0.000000,101.666451,237.757019,0.572394,0.5,0.80,263.438049,56.72,48.31,22.66,23.89,101.02,156.2,153.4,1.8,1151,4.026,12:10:34,2022-08-15,6.88,-0.001,0.001,0.021,-0.201,-0.155,0.631,1,150,0.005,2.000000,0,mpf,10000,500,5.000000,2.000000,300,300,300,229.757309,25,-7.676582,228.979462,230.070496,-1.091034,2.495545,2.502768,1.652088,0.827022,0.299470,0.015267,0.077303,1.146495,101.666451,0.000365,2.416988,-0.000071,1.000000,2.422773,-0.000075,1.000000,0.602665,0.600994,0.107103,0.000000,PSF-00338_20220815121347,PFA-00366,PSA-00383,PSF-00338,RHS-00157,2.0.0,2022-03-31T18:26:44.181Z
11,12:14:15,2022-08-15,gsw light adap,Shane,,rhov,006,001,0.163880,2.914462,0.155156,3.360569,1.429608,1.334699,3.563839,2.134232,13.210529,14.149909,35.274014,0.441786,PSF-00338_20220815121415,0.000000,0.000000,0.000000,107.022644,176.056610,0.392112,0.5,0.80,246.395630,50.96,47.58,22.91,26.93,101.03,155.8,154.9,0.6,1571,4.027,12:10:34,2022-08-15,6.88,0.001,0.002,0.011,-1.256,-1.741,-2.420,1,150,0.005,2.000000,0,mpf,10000,500,5.000000,2.000000,300,300,300,168.249969,25,-8.432539,165.378571,167.613144,-2.234573,2.494444,2.494655,1.648411,0.829696,0.296429,0.046996,0.080982,1.526220,107.022644,0.000372,2.416988,-0.000071,1.000000,2.422773,-0.000075,1.000000,0.602665,0.600994,0.107103,0.000000,PSF-00338_20220815121415,PFA-00366,PSA-00383,PSF-00338,RHS-00157,2.0.0,2022-03-31T18:26:44.181Z
12,12:14:29,2022-08-15,gsw light adap,Shane,,rhov,006,002,0.179152,2.915239,0.168780,3.871264,1.461204,1.351975,3.719138,2.257935,13.381687,14.462817,36.811581,0.441786,PSF-00338_20220815121429,0.000000,0.000000,0.000000,87.055565,142.425278,0.388763,0.5,0.80,271.478729,51.68,47.82,23.05,27.65,101.03,155.9,154.5,0.9,1746,4.026,12:10:34,2022-08-15,6.88,0.001,0.001,0.014,-0.366,-0.764,0.833,1,150,0.005,2.000000,0,mpf,10000,500,5.000000,2.000000,300,300,300,141.402130,25,-1.686508,141.076691,140.736588,0.340103,2.494737,2.495627,1.649221,0.828959,0.294882,0.054006,0.082767,1.684156,87.055565,0.000368,2.416988,-0.000071,1.000000,2.422773,-0.000075,1.000000,0.602665,0.600994,0.107103,0.000000,PSF-00338_20220815121429,PFA-00366,PSA-00383,PSF-00338,RHS-00157,2.0.0,2022-03-31T18:26:44.181Z
13,12:15:18,2022-08-15,gsw light adap,Shane,,rhov,008,001,0.270776,2.913696,0.247752,4.935781,1.469967,1.330553,3.433815,1.963848,13.170234,14.550200,33.988998,0.441786,PSF-00338_20220815121518,0.000000,0.000000,0.000000,103.985664,122.073105,0.148169,0.5,0.80,106.466064,50.67,45.86,23.47,26.30,101.03,155.7,140.3,9.9,1796,4.025,12:10:34,2022-08-15,6.88,0.000,0.004,0.012,-0.438,-1.315,-2.887,1,150,0.005,2.000000,0,mpf,10000,500,5.000000,2.000000,300,300,300,122.024773,25,0.021360,121.553062,122.094490,-0.541428,2.491878,2.494086,1.647615,0.803831,0.289904,0.033454,0.089025,1.729846,103.985664,0.000372,2.416988,-0.000071,1.000000,2.422773,-0.000075,1.000000,0.602665,0.600994,0.107103,0.000000,PSF-00338_20220815121518,PFA-00366,PSA-00383,PSF-00338,RHS-00157,2.0.0,2022-03-31T18:26:44.181Z
14,12:15:53,2022-08-15,gsw light adap,Shane,,rhov,009,001,0.309428,2.914096,0.279726,6.177229,1.545897,1.371579,3.719096,2.173199,13.574309,15.299511,36.807339,0.441786,PSF-00338_20220815121553,0.000000,0.000000,0.000000,73.490379,104.406548,0.296113,0.5,0.80,216.774628,52.37,46.46,23.76,27.65,101.04,155.8,154.7,0.7,1830,4.023,12:10:34,2022-08-15,6.88,0.003,0.001,0.013,-0.158,-0.178,-0.793,1,150,0.005,2.000000,0,mpf,10000,500,5.000000,2.000000,300,300,300,100.881454,25,-3.345155,100.343941,101.057060,-0.713120,2.492640,2.496396,1.648031,0.829304,0.286583,0.045933,0.093300,1.760382,73.490379,0.000373,2.416988,-0.000071,1.000000,2.422773,-0.000075,1.000000,0.602665,0.600994,0.107103,0.000000,PSF-00338_20220815121553,PFA-00366,PSA-00383,PSF-00338,RHS-00157,2.0.0,2022-03-31T18:26:44.181Z
15,12:16:11,2022-08-15,gsw light adap,Shane,,rhov,009,002,0.335901,2.914208,0.301186,5.644675,1.513381,1.354048,3.361440,1.848059,13.400415,14.977261,33.266685,0.441786,PSF-00338_20220815121611,0.000000,0.000000,0.000000,81.408264,127.723747,0.362622,0.5,0.80,158.308151,50.84,45.49,23.90,25.94,101.05,155.8,152.7,2.0,1091,4.023,12:10:34,2022-08-15,6.88,0.002,0.003,0.013,-0.612,-1.012,-2.386,1,150,0.005,2.000000,0,mpf,10000,500,5.000000,2.000000,300,300,300,122.727158,25,-5.062310,121.361015,122.654877,-1.293861,2.491229,2.494209,1.648148,0.825622,0.284992,0.024519,0.095427,1.093029,81.408264,0.000371,2.416988,-0.000071,1.000000,2.422773,-0.000075,1.000000,0.602665,0.600994,0.107103,0.000000,PSF-00338_20220815121611,PFA-00366,PSA-00383,PSF-00338,RHS-00157,2.0.0,2022-03-31T18:26:44.181Z
16,12:16:31,2022-08-15,gsw light adap,Shane,,rhov,009,003,0.181257,2.914236,0.170643,3.632800,1.466633,1.364049,3.564107,2.097474,13.500092,14.515371,35.274220,0.441786,PSF-00338_20220815121631,0.000000,0.000000,0.000000,92.992188,165.447113,0.437934,0.5,0.80,60.553528,48.85,45.44,24.04,26.93,101.04,155.8,154.7,0.7,346,4.022,12:10:34,2022-08-15,6.88,0.000,0.002,0.011,-2.133,-2.990,-0.372,1,150,0.005,2.000000,0,mpf,10000,500,5.000000,2.000000,300,300,300,118.345856,25,-45.481846,83.826187,119.906334,-36.080147,2.491118,2.491364,1.648177,0.829242,0.283389,0.034327,0.097856,0.419370,92.992188,0.000374,2.416988,-0.000071,1.000000,2.422773,-0.000075,1.000000,0.602665,0.600994,0.107103,0.000000,PSF-00338_20220815121631,PFA-00366,PSA-00383,PSF-00338,RHS-00157,2.0.0,2022-03-31T18:26:44.181Z
17,12:18:41,2022-08-15,gsw light adap,Shane,,rhov,010,001,0.072980,2.916169,0.071198,1.664616,1.483525,1.436595,3.784425,2.300900,14.217062,14.681498,37.452038,0.441786,PSF-00338_20220815121841,0.000000,0.000000,0.000000,92.339516,123.808121,0.254172,0.5,0.80,172.955658,45.95,44.49,25.26,27.95,101.05,156.0,154.9,0.7,1701,4.019,12:10:34,2022-08-15,6.88,-0.001,-0.002,-0.000,-1.446,-3.553,-11.758,1,150,0.005,2.000000,0,mpf,10000,500,5.000000,2.000000,300,300,300,120.408295,25,-3.338654,119.944450,120.465141,-0.520691,2.489455,2.486904,1.650192,0.829700,0.269947,0.032391,0.113683,1.643849,92.339516,0.000373,2.416988,-0.000071,1.000000,2.422773,-0.000075,1.000000,0.602665,0.600994,0.107103,0.000000,PSF-00338_20220815121841,PFA-00366,PSA-00383,PSF-00338,RHS-00157,2.0.0,2022-03-31T18:26:44.181Z
18,12:18:58,2022-08-15,gsw light adap,Shane,,rhov,010,002,0.066392,2.918299,0.064915,1.507217,1.456430,1.413995,3.742345,2.285915,13.992710,14.412641,37.033764,0.441786,PSF-00338_20220815121858,0.000000,0.000000,0.000000,120.509506,181.409073,0.335703,0.5,0.80,237.877365,44.74,43.44,25.40,27.76,101.05,156.3,154.8,0.9,1771,4.019,12:10:34,2022-08-15,6.88,0.001,0.002,0.016,-0.953,-1.659,-1.860,1,150,0.005,2.000000,0,mpf,10000,500,5.000000,2.000000,300,300,300,175.464752,25,-5.622312,174.867874,175.779480,-0.911606,2.487926,2.485135,1.652423,0.829478,0.268465,0.028588,0.115490,1.707374,120.509506,0.000371,2.416988,-0.000071,1.000000,2.422773,-0.000075,1.000000,0.602665,0.600994,0.107103,0.000000,PSF-00338_20220815121858,PFA-00366,PSA-00383,PSF-00338,RHS-00157,2.0.0,2022-03-31T18:26:44.181Z
19,12:19:13,2022-08-15,gsw light adap,Shane,,rhov,010,003,0.025405,2.912902,0.025186,0.602122,1.432979,1.415952,3.786334,2.353355,14.012872,14.181383,37.471207,0.441786,PSF-00338_20220815121913,0.000000,0.000000,0.000000,62.896011,90.598724,0.305774,0.5,0.80,191.019394,43.71,43.19,25.51,27.96,101.05,155.6,128.2,17.7,1562,4.019,12:10:34,2022-08-15,6.88,0.001,0.002,-9999.000,-0.345,-0.578,-9999.000,1,150,0.005,2.000000,0,mpf,10000,500,5.000000,2.000000,300,300,300,86.185814,25,-4.973155,84.039330,85.619125,-1.579796,2.487546,2.483620,1.646791,0.783221,0.267198,0.029561,0.117231,1.517927,62.896011,0.000377,2.416988,-0.000071,1.000000,2.422773,-0.000075,1.000000,0.602665,0.600994,0.107103,0.000000,PSF-00338_20220815121913,PFA-00366,PSA-00383,PSF-00338,RHS-00157,2.0.0,2022-03-31T18:26:44.181Z
20,12:19:28,2022-08-15,gsw light adap,Shane,,rhov,011,001,0.124068,2.914492,0.119002,2.034961,1.487695,1.430250,3.175797,1.688101,14.153916,14.722405,31.428051,0.441786,PSF-00338_20220815121928,0.000000,0.000000,0.000000,90.917229,243.315887,0.626341,0.5,0.80,30.501331,45.10,43.36,25.62,24.98,101.05,155.8,153.7,1.4,122,4.019,12:10:34,2022-08-15,6.88,0.000,-0.002,0.010,0.016,-0.022,0.044,1,150,0.005,2.000000,0,mpf,10000,500,5.000000,2.000000,300,300,300,226.771835,25,-19.493282,219.073181,223.797348,-4.724167,2.487763,2.485604,1.648442,0.827481,0.266113,-0.005684,0.118875,0.217080,90.917229,0.000391,2.416988,-0.000071,1.000000,2.422773,-0.000075,1.000000,0.602665,0.600994,0.107103,0.000000,PSF-00338_20220815121928,PFA-00366,PSA-00383,PSF-00338,RHS-00157,2.0.0,2022-03-31T18:26:44.181Z
21,12:19:46,2022-08-15,gsw light adap,Shane,,rhov,011,002,0.166370,2.913425,0.157383,2.637595,1.524056,1.449568,3.178051,1.653995,14.345978,15.083165,31.452305,0.441786,PSF-00338_20220815121946,0.000000,0.000000,0.000000,100.185516,297.760406,0.663536,0.5,0.80,39.577160,45.92,43.68,25.72,24.99,101.04,155.7,154.8,0.6,149,4.018,12:10:34,2022-08-15,6.88,-0.002,-0.001,0.011,0.046,0.112,0.108,1,150,0.005,2.000000,0,mpf,10000,500,5.000000,2.000000,300,300,300,289.952881,25,-11.686682,283.846741,286.058594,-2.211853,2.488175,2.486746,1.647334,0.829416,0.265002,-0.006740,0.120811,0.241805,100.185516,0.000379,2.416988,-0.000071,1.000000,2.422773,-0.000075,1.000000,0.602665,0.600994,0.107103,0.000000,PSF-00338_20220815121946,PFA-00366,PSA-00383,PSF-00338,RHS-00157,2.0.0,2022-03-31T18:26:44.181Z
22,12:20:02,2022-08-15,gsw light adap,Shane,,rhov,011,003,0.162159,2.915164,0.153614,3.752264,1.538461,1.432649,3.939806,2.401344,14.177907,15.225056,38.989452,0.441786,PSF-00338_20220815122002,0.000000,0.000000,0.000000,108.986374,135.460541,0.195438,0.5,0.80,159.568359,46.10,42.93,25.82,28.64,101.05,155.9,154.3,1.0,2041,4.018,12:10:34,2022-08-15,6.88,-0.000,-0.000,0.005,-2.082,-4.504,-11.188,1,150,0.005,2.000000,0,mpf,10000,500,5.000000,2.000000,300,300,300,134.510284,25,-1.062426,134.184479,134.396744,-0.212265,2.487091,2.486973,1.649143,0.828582,0.264008,0.034093,0.122645,1.950984,108.986374,0.000375,2.416988,-0.000071,1.000000,2.422773,-0.000075,1.000000,0.602665,0.600994,0.107103,0.000000,PSF-00338_20220815122002,PFA-00366,PSA-00383,PSF-00338,RHS-00157,2.0.0,2022-03-31T18:26:44.181Z
23,12:20:17,2022-08-15,gsw light adap,Shane,,rhov,013,001,0.013710,2.915594,0.013646,0.382199,1.426777,1.415991,4.178472,2.751695,14.013298,14.120043,41.352074,0.441786,PSF-00338_20220815122017,0.000000,0.000000,0.000000,78.895569,91.796638,0.140540,0.5,0.80,108.782059,42.51,42.19,25.91,29.66,101.05,155.9,154.9,0.7,1935,4.018,12:10:34,2022-08-15,6.88,0.002,0.004,-9999.000,0.103,0.011,-9999.000,1,150,0.005,2.000000,0,mpf,10000,500,5.000000,2.000000,300,300,300,91.796638,25,0.522855,92.004776,92.320168,-0.315392,2.486026,2.481789,1.649591,0.829599,0.263024,0.045021,0.124291,1.855153,78.895569,0.000370,2.416988,-0.000071,1.000000,2.422773,-0.000075,1.000000,0.602665,0.600994,0.107103,0.000000,PSF-00338_20220815122017,PFA-00366,PSA-00383,PSF-00338,RHS-00157,2.0.0,2022-03-31T18:26:44.181Z
24,12:20:33,2022-08-15,gsw light adap,Shane,,rhov,013,002,0.008884,2.913973,0.008857,0.274426,1.405220,1.397465,4.445185,3.039965,13.830941,13.907700,43.994740,0.441786,PSF-00338_20220815122033,0.000000,0.000000,0.000000,86.110352,98.244667,0.123511,0.5,0.80,99.892899,41.64,41.41,26.00,30.74,101.04,155.8,154.5,0.8,2022,4.017,12:10:34,2022-08-15,6.88,-0.001,0.001,-9999.000,0.286,0.884,-9999.000,1,150,0.005,2.000000,0,mpf,10000,500,5.000000,2.000000,300,300,300,98.244667,25,0.504281,98.380920,98.749603,-0.368683,2.484888,2.480490,1.647902,0.828936,0.262035,0.056825,0.126057,1.933621,86.110352,0.000375,2.416988,-0.000071,1.000000,2.422773,-0.000075,1.000000,0.602665,0.600994,0.107103,0.000000,PSF-00338_20220815122033,PFA-00366,PSA-00383,PSF-00338,RHS-00157,2.0.0,2022-03-31T18:26:44.181Z
25,12:21:11,2022-08-15,gsw light adap,Shane,,rhov,013,003,0.052415,2.917144,0.051490,1.395355,1.457745,1.418433,4.120073,2.662328,14.039577,14.428690,40.780285,0.441786,PSF-00338_20220815122111,0.000000,0.000000,0.000000,115.107536,150.636017,0.235856,0.5,0.80,144.603058,42.53,41.38,26.27,29.42,101.03,156.1,138.2,11.5,1533,4.017,12:20:49,2022-08-15,7.00,-0.000,0.002,0.003,-1.594,-3.900,-11.056,1,150,0.005,2.000000,0,mpf,10000,500,5.000000,2.000000,300,300,300,148.559326,25,-1.989262,147.987839,148.644180,-0.656342,2.484781,2.481553,1.651211,0.800211,0.259306,0.038011,0.130431,1.491706,115.107536,0.000374,2.416988,-0.000071,1.000000,2.422773,-0.000075,1.000000,0.602665,0.600994,0.107103,0.000000,PSF-00338_20220815122111,PFA-00366,PSA-00383,PSF-00338,RHS-00157,2.0.0,2022-03-31T18:26:44.181Z
26,12:21:31,2022-08-15,gsw light adap,Shane,,rhov,014,001,0.343380,2.914359,0.307186,4.963433,1.544243,1.404220,3.138841,1.594598,13.898904,15.284845,31.068100,0.441786,PSF-00338_20220815122131,0.000000,0.000000,0.000000,64.894081,153.873444,0.578263,0.5,0.80,25.621975,44.77,40.71,26.37,24.78,101.03,155.8,147.2,5.5,111,4.016,12:20:49,2022-08-15,7.00,0.001,0.004,0.012,0.139,0.220,0.548,1,150,0.005,2.000000,0,mpf,10000,500,5.000000,2.000000,300,300,300,144.794937,25,-9.032475,143.314362,144.829269,-1.514908,2.483808,2.484774,1.648305,0.815949,0.258238,-0.016441,0.132503,0.207168,64.894081,0.000388,2.416988,-0.000071,1.000000,2.422773,-0.000075,1.000000,0.602665,0.600994,0.107103,0.000000,PSF-00338_20220815122131,PFA-00366,PSA-00383,PSF-00338,RHS-00157,2.0.0,2022-03-31T18:26:44.181Z
27,12:21:48,2022-08-15,gsw light adap,Shane,,rhov,015,001,0.020811,2.913496,0.020663,0.505759,1.405954,1.391656,3.815062,2.409107,13.773934,13.915449,37.759617,0.441786,PSF-00338_20220815122148,0.000000,0.000000,0.000000,74.616554,90.535835,0.175834,0.5,0.80,108.880905,40.58,40.17,26.45,28.09,101.04,155.7,154.3,0.9,1548,4.015,12:20:49,2022-08-15,7.00,0.000,0.002,0.015,-1.283,-2.698,-7.265,1,150,0.005,2.000000,0,mpf,10000,500,5.000000,2.000000,300,300,300,89.450600,25,-1.139507,88.829041,89.394852,-0.565811,2.483010,2.478674,1.647408,0.828579,0.257455,0.020391,0.134355,1.505545,74.616554,0.000368,2.416988,-0.000071,1.000000,2.422773,-0.000075,1.000000,0.602665,0.600994,0.107103,0.000000,PSF-00338_20220815122148,PFA-00366,PSA-00383,PSF-00338,RHS-00157,2.0.0,2022-03-31T18:26:44.181Z
28,12:22:03,2022-08-15,gsw light adap,Shane,,rhov,015,002,0.023168,2.913877,0.022986,0.503906,1.419124,1.404885,3.579181,2.160058,13.905588,14.046525,35.426830,0.441786,PSF-00338_20220815122203,0.000000,0.000000,0.000000,82.435730,201.156738,0.590192,0.5,0.80,32.006462,40.81,40.40,26.51,27.00,101.03,155.7,154.7,0.6,136,4.015,12:20:49,2022-08-15,7.00,0.001,0.003,-9999.000,0.461,2.018,-9999.000,1,150,0.005,2.000000,0,mpf,10000,500,5.000000,2.000000,300,300,300,201.156738,25,1.378181,201.648468,202.536713,-0.888245,2.483319,2.478988,1.647803,0.829360,0.256794,0.007055,0.135861,0.229576,82.435730,0.000381,2.416988,-0.000071,1.000000,2.422773,-0.000075,1.000000,0.602665,0.600994,0.107103,0.000000,PSF-00338_20220815122203,PFA-00366,PSA-00383,PSF-00338,RHS-00157,2.0.0,2022-03-31T18:26:44.181Z
29,12:22:14,2022-08-15,gsw light adap,Shane,,rhov,015,003,0.035868,2.915072,0.035432,0.824642,1.440401,1.417126,3.731610,2.291209,14.026647,14.257023,36.935299,0.441786,PSF-00338_20220815122214,0.000000,0.000000,0.000000,78.525070,112.167809,0.299932,0.5,0.80,118.347374,41.31,40.64,26.56,27.71,101.03,155.9,154.3,1.0,986,3.972,12:20:49,2022-08-15,7.00,0.003,0.003,0.017,-0.369,-1.017,-2.618,1,150,0.005,2.000000,0,mpf,10000,500,5.000000,2.000000,300,300,300,110.814926,25,-1.133006,110.321045,111.033333,-0.712288,2.483653,2.479710,1.649046,0.828481,0.256330,0.014733,0.137023,0.998213,78.525070,0.000377,2.416988,-0.000071,1.000000,2.422773,-0.000075,1.000000,0.602665,0.600994,0.107103,0.000000,PSF-00338_20220815122214,PFA-00366,PSA-00383,PSF-00338,RHS-00157,2.0.0,2022-03-31T18:26:44.181Z
30,12:24:34,2022-08-15,gsw light adap,Shane,,rhov,017,001,0.066004,2.915642,0.064542,1.930788,1.539758,1.485330,4.472746,2.932989,14.698927,15.237546,44.262596,0.441786,PSF-00338_20220815122434,0.000000,0.000000,0.000000,74.190613,92.529297,0.198193,0.5,0.80,151.707260,41.40,39.94,27.66,30.85,101.05,156.0,154.5,1.0,1914,3.957,12:20:49,2022-08-15,7.00,-0.000,0.003,0.011,0.122,0.346,2.088,1,150,0.005,2.000000,0,mpf,10000,500,5.000000,2.000000,300,300,300,90.050697,25,-2.646777,88.933472,89.879089,-0.945618,2.482369,2.479589,1.649641,0.828852,0.245386,0.038951,0.152155,1.835777,74.190613,0.000366,2.416988,-0.000071,1.000000,2.422773,-0.000075,1.000000,0.602665,0.600994,0.107103,0.000000,PSF-00338_20220815122434,PFA-00366,PSA-00383,PSF-00338,RHS-00157,2.0.0,2022-03-31T18:26:44.181Z
31,12:24:51,2022-08-15,gsw light adap,Shane,,rhov,017,002,0.070444,2.915212,0.068781,1.762997,1.532786,1.483070,4.051263,2.518477,14.676921,15.168932,40.092560,0.441786,PSF-00338_20220815122451,0.000000,0.000000,0.000000,225.490814,258.563293,0.127909,0.5,0.80,95.527863,40.94,39.61,27.77,29.13,101.05,155.9,142.8,8.4,1867,4.012,12:20:49,2022-08-15,7.00,0.000,0.004,0.013,-1.629,-3.567,-9.919,1,150,0.005,2.000000,0,mpf,10000,500,5.000000,2.000000,300,300,300,257.123718,25,-2.763793,253.464462,255.795914,-2.331451,2.481881,2.478896,1.649193,0.808166,0.244290,0.017231,0.153846,1.793756,225.490814,0.000371,2.416988,-0.000071,1.000000,2.422773,-0.000075,1.000000,0.602665,0.600994,0.107103,0.000000,PSF-00338_20220815122451,PFA-00366,PSA-00383,PSF-00338,RHS-00157,2.0.0,2022-03-31T18:26:44.181Z
32,12:25:09,2022-08-15,gsw light adap,Shane,,rhov,017,003,0.078876,2.916784,0.076799,2.275498,1.524224,1.460127,4.430069,2.905845,14.449479,15.083788,43.840149,0.441786,PSF-00338_20220815122509,0.000000,0.000000,0.000000,161.363846,198.374481,0.186570,0.5,0.80,137.984665,40.47,38.77,27.87,30.68,101.05,156.1,154.1,1.3,1849,4.011,12:20:49,2022-08-15,7.00,0.001,0.003,0.000,-3.382,-2.513,25.940,1,150,0.005,2.000000,0,mpf,10000,500,5.000000,2.000000,300,300,300,194.252731,25,-5.224831,190.826660,193.142883,-2.316223,2.480655,2.478192,1.650835,0.828253,0.243317,0.034456,0.155659,1.777369,161.363846,0.000368,2.416988,-0.000071,1.000000,2.422773,-0.000075,1.000000,0.602665,0.600994,0.107103,0.000000,PSF-00338_20220815122509,PFA-00366,PSA-00383,PSF-00338,RHS-00157,2.0.0,2022-03-31T18:26:44.181Z
33,12:25:23,2022-08-15,gsw light adap,Shane,,rhov,018,001,0.026557,2.916400,0.026318,0.878767,1.486366,1.461595,4.756387,3.270022,14.463643,14.708773,47.068241,0.441786,PSF-00338_20220815122523,0.000000,0.000000,0.000000,74.649452,104.799927,0.287696,0.5,0.80,227.984299,39.30,38.64,27.94,31.93,101.05,156.0,153.8,1.4,1981,4.011,12:20:49,2022-08-15,7.00,-0.002,-0.000,0.009,0.498,1.429,1.965,1,150,0.005,2.000000,0,mpf,10000,500,5.000000,2.000000,300,300,300,100.959778,25,-3.665554,100.552795,101.129623,-0.576828,2.480450,2.476450,1.650433,0.827742,0.242596,0.048613,0.157113,1.896750,74.649452,0.000370,2.416988,-0.000071,1.000000,2.422773,-0.000075,1.000000,0.602665,0.600994,0.107103,0.000000,PSF-00338_20220815122523,PFA-00366,PSA-00383,PSF-00338,RHS-00157,2.0.0,2022-03-31T18:26:44.181Z
34,12:25:41,2022-08-15,gsw light adap,Shane,,rhov,019,001,0.031475,2.912273,0.031138,0.953316,1.478250,1.451288,4.480862,3.002612,14.361547,14.628354,44.341373,0.441786,PSF-00338_20220815122541,0.000000,0.000000,0.000000,167.825821,200.824677,0.164317,0.5,0.80,124.580956,38.88,38.17,28.03,30.88,101.05,155.5,154.0,1.0,1895,4.010,12:20:49,2022-08-15,7.00,0.001,0.000,0.005,-1.846,-4.030,-12.376,1,150,0.005,2.000000,0,mpf,10000,500,5.000000,2.000000,300,300,300,194.461227,25,-8.092637,189.523819,192.721558,-3.197739,2.479758,2.475821,1.646139,0.828072,0.241754,0.034946,0.158914,1.819346,167.825821,0.000373,2.416988,-0.000071,1.000000,2.422773,-0.000075,1.000000,0.602665,0.600994,0.107103,0.000000,PSF-00338_20220815122541,PFA-00366,PSA-00383,PSF-00338,RHS-00157,2.0.0,2022-03-31T18:26:44.181Z
35,12:25:57,2022-08-15,gsw light adap,Shane,,rhov,019,002,0.063809,2.915901,0.062443,1.910424,1.505103,1.451239,4.504930,2.999828,14.360809,14.893825,44.578781,0.441786,PSF-00338_20220815122557,0.000000,0.000000,0.000000,177.685974,220.183212,0.193009,0.5,0.80,151.024521,39.43,38.02,28.10,30.97,101.06,156.0,152.2,2.4,1956,4.011,12:20:49,2022-08-15,7.00,0.002,0.004,0.019,-2.869,-2.025,22.332,1,150,0.005,2.000000,0,mpf,10000,500,5.000000,2.000000,300,300,300,215.904587,25,-6.118234,211.590164,214.057053,-2.466888,2.479527,2.476619,1.649912,0.824875,0.241116,0.035291,0.160519,1.874225,177.685974,0.000376,2.416988,-0.000071,1.000000,2.422773,-0.000075,1.000000,0.602665,0.600994,0.107103,0.000000,PSF-00338_20220815122557,PFA-00366,PSA-00383,PSF-00338,RHS-00157,2.0.0,2022-03-31T18:26:44.181Z
36,12:26:10,2022-08-15,gsw light adap,Shane,,rhov,019,003,0.036258,2.915231,0.035813,1.440866,1.519354,1.478713,5.445083,3.925729,14.632537,15.034698,53.881569,0.441786,PSF-00338_20220815122610,0.000000,0.000000,0.000000,75.721977,103.106422,0.265594,0.5,0.80,203.494125,39.68,38.62,28.15,34.34,101.06,155.9,151.5,2.8,1915,4.010,12:20:49,2022-08-15,7.00,-0.002,0.001,-9999.000,0.118,0.733,-9999.000,1,150,0.005,2.000000,0,mpf,10000,500,5.000000,2.000000,300,300,300,99.420189,25,-4.001741,98.101257,99.099495,-0.998238,2.480370,2.476972,1.649212,0.823601,0.240599,0.075815,0.161832,1.837434,75.721977,0.000377,2.416988,-0.000071,1.000000,2.422773,-0.000075,1.000000,0.602665,0.600994,0.107103,0.000000,PSF-00338_20220815122610,PFA-00366,PSA-00383,PSF-00338,RHS-00157,2.0.0,2022-03-31T18:26:44.181Z
37,12:26:22,2022-08-15,gsw light adap,Shane,,rhov,020,001,0.035535,2.916385,0.035107,1.061298,1.541143,1.511243,4.504529,2.963387,14.955291,15.251177,44.576900,0.441786,PSF-00338_20220815122622,0.000000,0.000000,0.000000,76.666473,120.779282,0.365235,0.5,0.80,274.755676,40.14,39.36,28.20,30.97,101.05,156.0,153.2,1.8,1881,4.009,12:20:49,2022-08-15,7.00,-0.000,0.002,-9999.000,-1.276,0.889,-9999.000,1,150,0.005,2.000000,0,mpf,10000,500,5.000000,2.000000,300,300,300,116.809486,25,-3.771425,116.074203,117.002968,-0.928764,2.481407,2.477623,1.650417,0.826621,0.240125,0.034059,0.162922,1.806012,76.666473,0.000382,2.416988,-0.000071,1.000000,2.422773,-0.000075,1.000000,0.602665,0.600994,0.107103,0.000000,PSF-00338_20220815122622,PFA-00366,PSA-00383,PSF-00338,RHS-00157,2.0.0,2022-03-31T18:26:44.181Z
38,12:26:40,2022-08-15,gsw light adap,Shane,,rhov,020,002,0.030973,2.918148,0.030648,1.137661,1.487616,1.455594,5.115918,3.628302,14.405440,14.722346,50.630219,0.441786,PSF-00338_20220815122640,0.000000,0.000000,0.000000,75.836418,89.768822,0.155203,0.5,0.80,5.943638,38.59,37.76,28.27,33.22,101.04,156.3,154.5,1.1,96,4.008,12:20:49,2022-08-15,7.00,0.001,0.003,0.016,0.311,0.441,0.156,1,150,0.005,2.000000,0,mpf,10000,500,5.000000,2.000000,300,300,300,89.415909,25,-0.173666,89.595078,89.594933,0.000145,2.479103,2.475335,1.652264,0.828896,0.239474,0.060568,0.164635,0.193589,75.836418,0.000375,2.416988,-0.000071,1.000000,2.422773,-0.000075,1.000000,0.602665,0.600994,0.107103,0.000000,PSF-00338_20220815122640,PFA-00366,PSA-00383,PSF-00338,RHS-00157,2.0.0,2022-03-31T18:26:44.181Z
39,12:27:01,2022-08-15,gsw light adap,Shane,,rhov,021,001,0.120498,2.916358,0.115716,3.932931,1.572635,1.461877,4.896867,3.324232,14.468046,15.564207,48.463799,0.441786,PSF-00338_20220815122701,0.000000,0.000000,0.000000,77.537659,114.126480,0.320599,0.5,0.80,242.270294,40.60,37.74,28.35,32.45,101.04,156.0,149.6,4.1,1889,4.008,12:20:49,2022-08-15,7.00,0.003,0.001,0.011,0.144,0.077,-1.010,1,150,0.005,2.000000,0,mpf,10000,500,5.000000,2.000000,300,300,300,106.766937,25,-7.892968,104.071136,106.223282,-2.152145,2.479063,2.478271,1.650389,0.820147,0.238713,0.050094,0.166704,1.813711,77.537659,0.000386,2.416988,-0.000071,1.000000,2.422773,-0.000075,1.000000,0.602665,0.600994,0.107103,0.000000,PSF-00338_20220815122701,PFA-00366,PSA-00383,PSF-00338,RHS-00157,2.0.0,2022-03-31T18:26:44.181Z
40,12:27:15,2022-08-15,gsw light adap,Shane,,rhov,021,002,0.049113,2.913384,0.048299,1.168911,1.510863,1.477847,3.890875,2.380012,14.625995,14.952750,38.507313,0.441786,PSF-00338_20220815122715,0.000000,0.000000,0.000000,106.595993,346.252441,0.692144,0.5,0.80,41.947994,38.89,38.04,28.40,28.43,101.04,155.7,152.9,1.8,152,4.008,12:20:49,2022-08-15,7.00,-0.001,-0.001,-9999.000,-0.421,-1.156,-9999.000,1,150,0.005,2.000000,0,mpf,10000,500,5.000000,2.000000,300,300,300,346.252441,25,2.882665,349.392426,349.138855,0.253571,2.479482,2.475758,1.647292,0.826045,0.238238,0.001763,0.168133,0.243974,106.595993,0.000382,2.416988,-0.000071,1.000000,2.422773,-0.000075,1.000000,0.602665,0.600994,0.107103,0.000000,PSF-00338_20220815122715,PFA-00366,PSA-00383,PSF-00338,RHS-00157,2.0.0,2022-03-31T18:26:44.181Z
41,12:27:26,2022-08-15,gsw light adap,Shane,,rhov,021,003,0.043091,2.920287,0.042465,1.667040,1.527991,1.481168,5.359457,3.831466,14.658714,15.122112,53.041084,0.441786,PSF-00338_20220815122726,0.000000,0.000000,0.000000,68.062302,86.389648,0.212147,0.5,0.80,169.262802,39.26,38.06,28.43,34.06,101.04,156.5,153.1,2.2,1995,4.008,12:20:49,2022-08-15,7.00,-0.000,-0.000,-9999.000,-0.932,-1.557,-9999.000,1,150,0.005,2.000000,0,mpf,10000,500,5.000000,2.000000,300,300,300,84.916237,25,-1.355893,84.829330,85.031998,-0.202667,2.479492,2.476288,1.654516,0.826341,0.237928,0.068927,0.169179,1.908956,68.062302,0.000376,2.416988,-0.000071,1.000000,2.422773,-0.000075,1.000000,0.602665,0.600994,0.107103,0.000000,PSF-00338_20220815122726,PFA-00366,PSA-00383,PSF-00338,RHS-00157,2.0.0,2022-03-31T18:26:44.181Z
42,12:27:44,2022-08-15,gsw light adap,Shane,,rhov,023,001,0.078152,2.916682,0.076113,2.235099,1.541069,1.478120,4.420764,2.879695,14.628438,15.251430,43.750771,0.441786,PSF-00338_20220815122744,0.000000,0.000000,0.000000,88.606239,141.848663,0.375347,0.5,0.80,67.672836,39.44,37.83,28.50,30.64,101.04,156.1,154.3,1.1,451,4.000,12:20:49,2022-08-15,7.00,-0.001,0.001,0.012,0.532,1.595,2.135,1,150,0.005,2.000000,0,mpf,10000,500,5.000000,2.000000,300,300,300,133.516068,25,-9.004615,130.547760,132.832382,-2.284622,2.479146,2.476534,1.650728,0.828580,0.237281,0.026619,0.170835,0.514275,88.606239,0.000376,2.416988,-0.000071,1.000000,2.422773,-0.000075,1.000000,0.602665,0.600994,0.107103,0.000000,PSF-00338_20220815122744,PFA-00366,PSA-00383,PSF-00338,RHS-00157,2.0.0,2022-03-31T18:26:44.181Z
43,12:28:50,2022-08-15,gsw light adap,Shane,,rhov,024,001,0.028786,2.916695,0.028504,0.953465,1.497894,1.471034,4.772275,3.274382,14.561234,14.827106,47.239025,0.441786,PSF-00338_20220815122850,0.000000,0.000000,0.000000,78.057289,96.074776,0.187536,0.5,0.80,122.580032,37.58,36.90,28.85,31.99,101.02,156.1,153.2,1.9,1634,4.006,12:20:49,2022-08-15,7.00,-0.000,0.001,-9999.000,-0.184,-0.110,-9999.000,1,150,0.005,2.000000,0,mpf,10000,500,5.000000,2.000000,300,300,300,95.645073,25,-0.279537,95.612885,95.794876,-0.181992,2.477738,2.473719,1.650741,0.826510,0.234082,0.038738,0.177488,1.583253,78.057289,0.000374,2.416988,-0.000071,1.000000,2.422773,-0.000075,1.000000,0.602665,0.600994,0.107103,0.000000,PSF-00338_20220815122850,PFA-00366,PSA-00383,PSF-00338,RHS-00157,2.0.0,2022-03-31T18:26:44.181Z
44,12:29:04,2022-08-15,gsw light adap,Shane,,rhov,024,002,0.021961,2.916476,0.021797,0.792700,1.503806,1.481472,5.058432,3.554626,14.664486,14.885554,50.071339,0.441786,PSF-00338_20220815122904,0.000000,0.000000,0.000000,35.181999,43.871998,0.198076,0.5,0.80,156.571625,37.59,37.04,28.91,33.02,101.02,156.1,152.5,2.3,1976,4.006,12:20:49,2022-08-15,7.00,-0.001,-0.001,0.007,1.428,-0.605,-5.235,1,150,0.005,2.000000,0,mpf,10000,500,5.000000,2.000000,300,300,300,43.871998,25,0.135125,43.963551,44.007298,-0.043747,2.477914,2.473732,1.650512,0.825318,0.233525,0.050598,0.178693,1.892260,35.181999,0.000376,2.416988,-0.000071,1.000000,2.422773,-0.000075,1.000000,0.602665,0.600994,0.107103,0.000000,PSF-00338_20220815122904,PFA-00366,PSA-00383,PSF-00338,RHS-00157,2.0.0,2022-03-31T18:26:44.181Z
45,12:29:14,2022-08-15,gsw light adap,Shane,,rhov,024,003,0.018922,2.917843,0.018800,0.589133,1.509137,1.492557,4.579833,3.070696,14.772925,14.937037,45.329960,0.441786,PSF-00338_20220815122914,0.000000,0.000000,0.000000,13.233662,17.015575,0.222262,0.5,0.80,141.644806,37.63,37.22,28.95,31.26,101.03,156.2,154.4,1.2,1593,3.950,12:20:49,2022-08-15,7.00,0.001,0.002,-9999.000,-2.513,-1.937,-9999.000,1,150,0.005,2.000000,0,mpf,10000,500,5.000000,2.000000,300,300,300,17.015575,25,0.947035,17.526268,17.963839,-0.437571,2.478161,2.473773,1.651944,0.828713,0.233109,0.028770,0.179638,1.546337,13.233662,0.000382,2.416988,-0.000071,1.000000,2.422773,-0.000075,1.000000,0.602665,0.600994,0.107103,0.000000,PSF-00338_20220815122914,PFA-00366,PSA-00383,PSF-00338,RHS-00157,2.0.0,2022-03-31T18:26:44.181Z
46,12:29:29,2022-08-15,gsw light adap,Shane,,rhov,025,001,0.067840,2.914794,0.066297,1.630759,1.495651,1.449638,3.914325,2.418674,14.347945,14.803370,38.742455,0.441786,PSF-00338_20220815122929,0.000000,0.000000,0.000000,93.692421,242.720230,0.613990,0.5,0.80,288.627350,37.17,36.02,29.01,28.53,101.03,155.9,142.3,8.7,1175,4.006,12:20:49,2022-08-15,7.00,0.003,0.004,0.024,-0.497,-0.824,-4.662,1,150,0.005,2.000000,0,mpf,10000,500,5.000000,2.000000,300,300,300,236.022232,25,-7.243811,234.613174,235.467026,-0.853851,2.476431,2.473076,1.648757,0.807366,0.232570,-0.004116,0.181023,1.168730,93.692421,0.000381,2.416988,-0.000071,1.000000,2.422773,-0.000075,1.000000,0.602665,0.600994,0.107103,0.000000,PSF-00338_20220815122929,PFA-00366,PSA-00383,PSF-00338,RHS-00157,2.0.0,2022-03-31T18:26:44.181Z
47,12:30:38,2022-08-15,gsw light adap,Shane,,rhov,026,001,0.287038,2.916439,0.261319,7.227639,1.669879,1.466558,4.380718,2.710839,14.515059,16.527399,43.357559,0.441786,PSF-00338_20220815123038,0.000000,0.000000,0.000000,72.288391,93.571182,0.227450,0.5,0.80,180.366699,40.75,35.78,29.33,30.49,101.04,156.1,153.6,1.6,1982,4.004,12:20:49,2022-08-15,7.00,-0.000,-0.000,0.008,-0.687,-1.192,0.303,1,150,0.005,2.000000,0,mpf,10000,500,5.000000,2.000000,300,300,300,93.571182,25,3.675770,94.892975,97.251717,-2.358742,2.476011,2.478257,1.650474,0.827313,0.229681,0.015089,0.187819,1.897979,72.288391,0.000380,2.416988,-0.000071,1.000000,2.422773,-0.000075,1.000000,0.602665,0.600994,0.107103,0.000000,PSF-00338_20220815123038,PFA-00366,PSA-00383,PSF-00338,RHS-00157,2.0.0,2022-03-31T18:26:44.181Z
48,12:30:54,2022-08-15,gsw light adap,Shane,,rhov,027,002,0.102687,2.914910,0.099193,3.016592,1.560832,1.475775,4.540797,2.979965,14.605997,15.447819,44.941029,0.441786,PSF-00338_20220815123054,0.000000,0.000000,0.000000,83.927032,131.076065,0.359707,0.5,0.80,257.497803,37.95,35.88,29.39,31.11,101.04,155.9,153.8,1.3,1790,3.958,12:20:49,2022-08-15,7.00,0.002,0.002,0.014,0.712,0.378,2.460,1,150,0.005,2.000000,0,mpf,10000,500,5.000000,2.000000,300,300,300,121.409653,25,-10.440375,117.903114,120.622162,-2.719048,2.476137,2.474153,1.648878,0.827648,0.229123,0.021845,0.189280,1.723767,83.927032,0.000381,2.416988,-0.000071,1.000000,2.422773,-0.000075,1.000000,0.602665,0.600994,0.107103,0.000000,PSF-00338_20220815123054,PFA-00366,PSA-00383,PSF-00338,RHS-00157,2.0.0,2022-03-31T18:26:44.181Z
49,12:31:20,2022-08-15,gsw light adap,Shane,,rhov,027,003,0.083674,2.914473,0.081339,2.657301,1.548675,1.473717,4.746636,3.197960,14.586132,15.328032,46.979881,0.441786,PSF-00338_20220815123120,0.000000,0.000000,0.000000,90.074303,164.582840,0.452711,0.5,0.80,326.339691,37.42,35.61,29.49,31.89,101.04,155.8,145.6,6.6,1802,4.002,12:31:10,2022-08-15,6.87,-0.002,-0.001,0.009,2.758,1.039,0.827,1,150,0.005,2.000000,0,mpf,10000,500,5.000000,2.000000,300,300,300,154.761673,25,-9.717852,153.128021,154.852402,-1.724380,2.475725,2.473544,1.648423,0.813042,0.228168,0.029964,0.191689,1.735064,90.074303,0.000379,2.416988,-0.000071,1.000000,2.422773,-0.000075,1.000000,0.602665,0.600994,0.107103,0.000000,PSF-00338_20220815123120,PFA-00366,PSA-00383,PSF-00338,RHS-00157,2.0.0,2022-03-31T18:26:44.181Z
50,12:31:32,2022-08-15,gsw light adap,Shane,,rhov,027,001,0.078338,2.917347,0.076289,2.393220,1.523599,1.456226,4.597108,3.073509,14.413046,15.079877,45.500042,0.441786,PSF-00338_20220815123132,0.000000,0.000000,0.000000,155.203339,230.191467,0.325764,0.5,0.80,215.441696,36.72,35.09,29.54,31.33,101.04,156.2,150.9,3.4,1653,4.002,12:31:10,2022-08-15,6.87,0.000,0.002,0.014,-2.565,-3.839,4.075,1,150,0.005,2.000000,0,mpf,10000,500,5.000000,2.000000,300,300,300,226.854446,25,-3.060975,227.258926,227.126526,0.132401,2.474963,2.472487,1.651424,0.822404,0.227738,0.022627,0.192746,1.600661,155.203339,0.000379,2.416988,-0.000071,1.000000,2.422773,-0.000075,1.000000,0.602665,0.600994,0.107103,0.000000,PSF-00338_20220815123132,PFA-00366,PSA-00383,PSF-00338,RHS-00157,2.0.0,2022-03-31T18:26:44.181Z
51,12:31:46,2022-08-15,gsw light adap,Shane,,rhov,028,001,0.035260,2.917027,0.034839,1.334049,1.518682,1.481113,5.257878,3.739197,14.658937,15.030761,52.038490,0.441786,PSF-00338_20220815123146,0.000000,0.000000,0.000000,79.204559,108.206696,0.268025,0.5,0.80,120.771896,36.50,35.60,29.59,33.71,101.04,156.1,154.7,0.9,1126,4.002,12:31:10,2022-08-15,6.87,0.001,0.002,-9999.000,0.182,0.800,-9999.000,1,150,0.005,2.000000,0,mpf,10000,500,5.000000,2.000000,300,300,300,106.756210,25,-1.237949,107.050179,106.967140,0.083038,2.475677,2.472152,1.651089,0.829207,0.227310,0.050992,0.194079,1.124723,79.204559,0.000381,2.416988,-0.000071,1.000000,2.422773,-0.000075,1.000000,0.602665,0.600994,0.107103,0.000000,PSF-00338_20220815123146,PFA-00366,PSA-00383,PSF-00338,RHS-00157,2.0.0,2022-03-31T18:26:44.181Z
52,12:32:02,2022-08-15,gsw light adap,Shane,,rhov,028,002,0.085620,2.916299,0.083178,2.832301,1.575770,1.496012,4.905783,3.330013,14.806866,15.596277,48.555283,0.441786,PSF-00338_20220815123202,0.000000,0.000000,0.000000,76.572418,124.932693,0.387091,0.5,0.80,133.967010,37.77,35.86,29.64,32.48,101.04,156.0,154.3,1.1,865,4.002,12:31:10,2022-08-15,6.87,-0.001,0.001,0.009,0.444,0.964,0.894,1,150,0.005,2.000000,0,mpf,10000,500,5.000000,2.000000,300,300,300,117.020844,25,-7.840961,115.637543,117.081573,-1.444031,2.476042,2.474020,1.650327,0.828526,0.226885,0.035335,0.195504,0.888696,76.572418,0.000373,2.416988,-0.000071,1.000000,2.422773,-0.000075,1.000000,0.602665,0.600994,0.107103,0.000000,PSF-00338_20220815123202,PFA-00366,PSA-00383,PSF-00338,RHS-00157,2.0.0,2022-03-31T18:26:44.181Z
53,12:32:16,2022-08-15,gsw light adap,Shane,,rhov,028,003,0.084082,2.919933,0.081729,2.799747,1.552884,1.474251,4.903350,3.350467,14.591781,15.370066,48.532169,0.441786,PSF-00338_20220815123216,0.000000,0.000000,0.000000,83.570480,147.248932,0.432454,0.5,0.80,298.815002,37.13,35.25,29.68,32.47,101.03,156.5,146.9,6.1,1727,4.001,12:31:10,2022-08-15,6.87,-0.000,0.001,-9999.000,0.844,2.118,-9999.000,1,150,0.005,2.000000,0,mpf,10000,500,5.000000,2.000000,300,300,300,136.725067,25,-10.640973,134.610413,136.594177,-1.983765,2.475165,2.473078,1.654142,0.815489,0.226534,0.034764,0.196769,1.667581,83.570480,0.000378,2.416988,-0.000071,1.000000,2.422773,-0.000075,1.000000,0.602665,0.600994,0.107103,0.000000,PSF-00338_20220815123216,PFA-00366,PSA-00383,PSF-00338,RHS-00157,2.0.0,2022-03-31T18:26:44.181Z
54,12:32:30,2022-08-15,gsw light adap,Shane,,rhov,029,001,0.214596,2.915515,0.199884,5.821327,1.643832,1.479917,4.496863,2.853031,14.647820,16.270212,44.508747,0.441786,PSF-00338_20220815123230,0.000000,0.000000,0.000000,97.261902,139.664200,0.303602,0.5,0.80,210.341965,39.23,35.32,29.71,30.94,101.03,155.9,154.5,0.9,1732,4.001,12:31:10,2022-08-15,6.87,0.002,0.001,0.012,0.064,1.455,4.899,1,150,0.005,2.000000,0,mpf,10000,500,5.000000,2.000000,300,300,300,139.561050,25,-0.202455,139.705536,139.461487,0.244049,2.475246,2.476148,1.649509,0.828855,0.226214,0.016002,0.198075,1.671753,97.261902,0.000372,2.416988,-0.000071,1.000000,2.422773,-0.000075,1.000000,0.602665,0.600994,0.107103,0.000000,PSF-00338_20220815123230,PFA-00366,PSA-00383,PSF-00338,RHS-00157,2.0.0,2022-03-31T18:26:44.181Z
55,12:32:46,2022-08-15,gsw light adap,Shane,,rhov,029,002,0.288121,2.915730,0.262210,7.225143,1.706949,1.503641,4.407044,2.700095,14.880607,16.892628,43.613804,0.441786,PSF-00338_20220815123246,0.000000,0.000000,0.000000,90.337517,147.529221,0.387664,0.5,0.80,265.023407,40.64,35.80,29.75,30.59,101.05,156.0,150.1,3.8,1709,4.000,12:31:10,2022-08-15,6.87,0.004,0.004,0.022,0.833,1.561,0.889,1,150,0.005,2.000000,0,mpf,10000,500,5.000000,2.000000,300,300,300,144.161224,25,-3.129698,144.061447,144.395462,-0.334015,2.475938,2.478199,1.649733,0.821007,0.225866,0.011345,0.199538,1.651023,90.337517,0.000371,2.416988,-0.000071,1.000000,2.422773,-0.000075,1.000000,0.602665,0.600994,0.107103,0.000000,PSF-00338_20220815123246,PFA-00366,PSA-00383,PSF-00338,RHS-00157,2.0.0,2022-03-31T18:26:44.181Z
56,12:33:02,2022-08-15,gsw light adap,Shane,,rhov,029,003,0.358184,2.918526,0.319030,8.413280,1.679157,1.442894,4.265262,2.586105,14.280887,16.619270,42.214951,0.441786,PSF-00338_20220815123302,0.000000,0.000000,0.000000,75.817108,117.333618,0.353833,0.5,0.80,244.887375,39.92,34.30,29.78,30.02,101.04,156.3,154.3,1.3,1730,4.000,12:31:10,2022-08-15,6.87,-0.002,0.002,0.013,-0.211,-0.096,0.323,1,150,0.005,2.000000,0,mpf,10000,500,5.000000,2.000000,300,300,300,112.123848,25,-5.904635,110.207680,111.421333,-1.213654,2.473757,2.477135,1.652662,0.828580,0.225610,0.004263,0.200983,1.670120,75.817108,0.000375,2.416988,-0.000071,1.000000,2.422773,-0.000075,1.000000,0.602665,0.600994,0.107103,0.000000,PSF-00338_20220815123302,PFA-00366,PSA-00383,PSF-00338,RHS-00157,2.0.0,2022-03-31T18:26:44.181Z
57,12:33:48,2022-08-15,gsw light adap,Shane,,rhov,032,001,0.098642,2.918272,0.095417,2.949331,1.547156,1.464204,4.575647,3.028491,14.491474,15.312464,45.285950,0.441786,PSF-00338_20220815123348,0.000000,0.000000,0.000000,62.245132,109.337502,0.430706,0.5,0.80,130.645340,36.65,34.68,29.84,31.25,101.04,156.3,134.2,14.1,758,4.000,12:31:10,2022-08-15,6.87,0.002,0.004,0.019,1.154,2.428,4.732,1,150,0.005,2.000000,0,mpf,10000,500,5.000000,2.000000,300,300,300,103.049400,25,-6.294686,101.370331,103.034660,-1.664330,2.474300,2.472322,1.652395,0.793384,0.225064,0.018117,0.205267,0.792131,62.245132,0.000373,2.416988,-0.000071,1.000000,2.422773,-0.000075,1.000000,0.602665,0.600994,0.107103,0.000000,PSF-00338_20220815123348,PFA-00366,PSA-00383,PSF-00338,RHS-00157,2.0.0,2022-03-31T18:26:44.181Z
58,12:34:06,2022-08-15,gsw light adap,Shane,,rhov,033,001,0.202203,2.914642,0.189085,5.321334,1.589022,1.438987,4.349039,2.760017,14.241507,15.726389,43.041996,0.441786,PSF-00338_20220815123406,0.000000,0.000000,0.000000,67.815544,91.710449,0.260547,0.5,0.80,158.240982,37.59,34.04,29.86,30.36,101.04,155.8,152.8,1.9,1518,3.998,12:31:10,2022-08-15,6.87,0.002,0.004,0.018,0.180,-0.629,0.546,1,150,0.005,2.000000,0,mpf,10000,500,5.000000,2.000000,300,300,300,91.710449,25,3.914444,94.802139,95.629967,-0.827827,2.473361,2.473710,1.648599,0.825864,0.224857,0.007269,0.206884,1.478705,67.815544,0.000384,2.416988,-0.000071,1.000000,2.422773,-0.000075,1.000000,0.602665,0.600994,0.107103,0.000000,PSF-00338_20220815123406,PFA-00366,PSA-00383,PSF-00338,RHS-00157,2.0.0,2022-03-31T18:26:44.181Z
59,12:34:26,2022-08-15,gsw light adap,Shane,,rhov,033,002,0.209313,2.916329,0.195296,5.200446,1.594045,1.447624,4.207316,2.613272,14.327413,15.776567,41.640621,0.441786,PSF-00338_20220815123426,0.000000,0.000000,0.000000,100.884674,150.178574,0.328235,0.5,0.80,212.376709,37.69,34.23,29.87,29.78,101.04,156.0,147.8,5.3,1618,3.999,12:31:10,2022-08-15,6.87,-0.002,0.001,0.016,-0.380,-2.387,4.681,1,150,0.005,2.000000,0,mpf,10000,500,5.000000,2.000000,300,300,300,141.914612,25,-7.955191,139.842865,142.213074,-2.370209,2.473632,2.473856,1.650359,0.817050,0.224782,0.000369,0.208601,1.568329,100.884674,0.000376,2.416988,-0.000071,1.000000,2.422773,-0.000075,1.000000,0.602665,0.600994,0.107103,0.000000,PSF-00338_20220815123426,PFA-00366,PSA-00383,PSF-00338,RHS-00157,2.0.0,2022-03-31T18:26:44.181Z
60,12:34:44,2022-08-15,gsw light adap,Shane,,rhov,033,003,0.203118,2.915025,0.189887,5.458420,1.624273,1.470481,4.441462,2.817189,14.553882,16.076019,43.958767,0.441786,PSF-00338_20220815123444,0.000000,0.000000,0.000000,72.601318,94.549347,0.232133,0.5,0.80,156.851181,38.39,34.76,29.88,30.73,101.04,155.9,153.8,1.3,1689,3.999,12:31:10,2022-08-15,6.87,0.001,0.002,0.013,-1.944,-1.446,-0.801,1,150,0.005,2.000000,0,mpf,10000,500,5.000000,2.000000,300,300,300,92.058777,25,-2.366312,91.911438,92.179970,-0.268532,2.474397,2.474886,1.648997,0.827671,0.224728,0.011453,0.210227,1.633075,72.601318,0.000375,2.416988,-0.000071,1.000000,2.422773,-0.000075,1.000000,0.602665,0.600994,0.107103,0.000000,PSF-00338_20220815123444,PFA-00366,PSA-00383,PSF-00338,RHS-00157,2.0.0,2022-03-31T18:26:44.181Z
61,12:35:02,2022-08-15,gsw light adap,Shane,,rhov,034,001,0.012083,2.916746,0.012033,0.391988,1.468405,1.457358,4.660079,3.191674,14.423749,14.533083,46.121700,0.441786,PSF-00338_20220815123502,0.000000,0.000000,0.000000,56.776283,74.286087,0.235708,0.5,0.80,137.518707,34.68,34.42,29.89,31.57,101.04,156.1,147.3,5.6,1459,3.998,12:31:10,2022-08-15,6.87,-0.001,-0.001,0.004,-1.039,1.924,7.099,1,150,0.005,2.000000,0,mpf,10000,500,5.000000,2.000000,300,300,300,61.594963,25,-12.698030,57.678223,61.571606,-3.893383,2.473904,2.469373,1.650795,0.816177,0.224606,0.021359,0.211922,1.424703,56.776283,0.000377,2.416988,-0.000071,1.000000,2.422773,-0.000075,1.000000,0.602665,0.600994,0.107103,0.000000,PSF-00338_20220815123502,PFA-00366,PSA-00383,PSF-00338,RHS-00157,2.0.0,2022-03-31T18:26:44.181Z
62,12:35:22,2022-08-15,gsw light adap,Shane,,rhov,034,002,0.058993,2.917239,0.057824,1.967503,1.548207,1.492821,4.877064,3.328856,14.773644,15.321769,48.265659,0.441786,PSF-00338_20220815123522,0.000000,0.000000,0.000000,28.976082,63.668163,0.544889,0.5,0.80,417.591370,36.53,35.22,29.91,32.37,101.05,156.2,152.9,2.1,1916,3.997,12:31:10,2022-08-15,6.87,0.004,0.003,0.012,0.457,1.379,3.801,1,150,0.005,2.000000,0,mpf,10000,500,5.000000,2.000000,300,300,300,50.965904,25,-14.347854,50.182343,49.301720,0.880623,2.475060,2.472127,1.651311,0.826076,0.224447,0.030834,0.213653,1.837872,28.976082,0.000378,2.416988,-0.000071,1.000000,2.422773,-0.000075,1.000000,0.602665,0.600994,0.107103,0.000000,PSF-00338_20220815123522,PFA-00366,PSA-00383,PSF-00338,RHS-00157,2.0.0,2022-03-31T18:26:44.181Z
63,12:35:34,2022-08-15,gsw light adap,Shane,,rhov,034,003,0.008021,2.916443,0.007999,0.291025,1.480411,1.472207,5.038085,3.557674,14.569386,14.650569,49.858330,0.441786,PSF-00338_20220815123534,0.000000,0.000000,0.000000,67.858459,82.335594,0.175831,0.5,0.80,108.219826,34.90,34.70,29.93,32.95,101.05,156.1,151.4,3.0,1539,3.997,12:31:10,2022-08-15,6.87,0.000,0.003,-9999.000,-0.314,-0.262,-9999.000,1,150,0.005,2.000000,0,mpf,10000,500,5.000000,2.000000,300,300,300,82.335594,25,0.566503,82.614182,82.902832,-0.288651,2.474308,2.469690,1.650478,0.823386,0.224308,0.037656,0.214694,1.497080,67.858459,0.000376,2.416988,-0.000071,1.000000,2.422773,-0.000075,1.000000,0.602665,0.600994,0.107103,0.000000,PSF-00338_20220815123534,PFA-00366,PSA-00383,PSF-00338,RHS-00157,2.0.0,2022-03-31T18:26:44.181Z
64,12:35:46,2022-08-15,gsw light adap,Shane,,rhov,035,001,0.067339,2.915742,0.065819,2.203883,1.559344,1.497235,4.835795,3.276452,14.816889,15.431520,47.855827,0.441786,PSF-00338_20220815123546,0.000000,0.000000,0.000000,73.312286,120.330276,0.390741,0.5,0.80,221.981567,36.72,35.25,29.95,32.22,101.05,156.0,153.1,1.9,1420,3.996,12:31:10,2022-08-15,6.87,-0.000,-0.000,-9999.000,0.580,0.284,-9999.000,1,150,0.005,2.000000,0,mpf,10000,500,5.000000,2.000000,300,300,300,117.787956,25,-2.395101,117.908119,117.932076,-0.023956,2.475100,2.472400,1.649746,0.826370,0.224137,0.028599,0.215681,1.390093,73.312286,0.000377,2.416988,-0.000071,1.000000,2.422773,-0.000075,1.000000,0.602665,0.600994,0.107103,0.000000,PSF-00338_20220815123546,PFA-00366,PSA-00383,PSF-00338,RHS-00157,2.0.0,2022-03-31T18:26:44.181Z
65,12:36:00,2022-08-15,gsw light adap,Shane,,rhov,035,002,0.046755,2.915997,0.046017,1.362295,1.472705,1.434287,4.377641,2.904937,14.193586,14.573766,43.320786,0.441786,PSF-00338_20220815123600,0.000000,0.000000,0.000000,141.484375,213.186035,0.336334,0.5,0.80,194.292084,34.64,33.73,29.96,30.47,101.05,156.0,132.3,15.2,1444,3.997,12:31:10,2022-08-15,6.87,-0.001,0.002,0.011,-0.906,-3.572,-8.967,1,150,0.005,2.000000,0,mpf,10000,500,5.000000,2.000000,300,300,300,210.545532,25,-2.672781,210.208649,210.509796,-0.301147,2.472894,2.469297,1.650012,0.790204,0.223974,0.007449,0.216901,1.411712,141.484375,0.000373,2.416988,-0.000071,1.000000,2.422773,-0.000075,1.000000,0.602665,0.600994,0.107103,0.000000,PSF-00338_20220815123600,PFA-00366,PSA-00383,PSF-00338,RHS-00157,2.0.0,2022-03-31T18:26:44.181Z